{
  "name": "health-monitor",
  "title": "Health Monitor",
  "description": "A simple spam bot that allert in chat you when health of token/actor changes.",
  "version": "1.0.4",
  "author": "Rockshow",
  "scripts": [
    "index.js"
  ],
  "minimumCoreVersion": "0.5.7",
  "compatibleCoreVersion": "0.6.0",
  "url": "https://github.com/rockshow888/health-monitor",
  "manifest": "https://raw.githubusercontent.com/rockshow888/health-monitor/master/module.json",
  "download": "https://github.com/rockshow888/health-monitor/blob/master/health-monitor.zip?raw=true"
}
